<application>
  <component name="IntentionManagerSettings">
    <ignoreAction name="CoffeeScript/Replace double-quoted string with single-quoted string" />
    <ignoreAction name="CoffeeScript/Replace single-quoted string with double-quoted string" />
    <ignoreAction name="Cucumber/Cucumber" />
    <ignoreAction name="EditorConfig/Add declaration part" />
    <ignoreAction name="EditorConfig/Invert option value" />
    <ignoreAction name="HTML/Convert entity" />
    <ignoreAction name="HTML/Update image size" />
    <ignoreAction name="HTTP Client/Convert to cURL and copy to clipboard" />
    <ignoreAction name="HTTP Client/Generate request in HTTP Client" />
    <ignoreAction name="HTTP Client/Move HTTP Requests" />
    <ignoreAction name="HTTP Client/Set value for secured value" />
    <ignoreAction name="TypeScript/Add enum values" />
    <ignoreAction name="TypeScript/Add string enum values" />
    <ignoreAction name="TypeScript/Convert field to parameter property" />
    <ignoreAction name="TypeScript/Convert import require to import from" />
    <ignoreAction name="TypeScript/Convert parameter property to field" />
    <ignoreAction name="TypeScript/Convert to parameter properties" />
    <ignoreAction name="TypeScript/Convert type alias to enum" />
    <ignoreAction name="TypeScript/Convert type alias to interface" />
    <ignoreAction name="TypeScript/Disable coloring of narrowed types" />
    <ignoreAction name="TypeScript/Generate reference path comment" />
    <ignoreAction name="TypeScript/Implement in derived classes" />
    <ignoreAction name="TypeScript/Make 'private'" />
    <ignoreAction name="TypeScript/Make 'protected'" />
    <ignoreAction name="VueJS/Expand v-model" />
    <ignoreAction name="VueJS/Extract Vue component" />
    <ignoreAction name="XML/Add 'xsi:schemaLocation' attribute" />
    <ignoreAction name="XML/Choose color" />
    <ignoreAction name="XML/Collapse empty tag" />
    <ignoreAction name="XML/Convert CDATA to text" />
    <ignoreAction name="XML/Convert attribute to child tag" />
    <ignoreAction name="XML/Convert tag to attribute" />
    <ignoreAction name="XML/Convert text to CDATA" />
    <ignoreAction name="XML/Expand empty tag" />
    <ignoreAction name="XML/Fetch external resource" />
    <ignoreAction name="XML/Insert namespace prefix" />
    <ignoreAction name="XML/Manually set up external resource" />
    <ignoreAction name="XML/Merge tags" />
    <ignoreAction name="XML/Rearrange tag attributes" />
    <ignoreAction name="XML/Remove attribute" />
    <ignoreAction name="XML/Remove tag (preserves children)" />
    <ignoreAction name="XML/Reset to default namespace" />
    <ignoreAction name="XML/Split current tag" />
    <ignoreAction name="XSLT/Add optional Argument(s)" />
    <ignoreAction name="XSLT/Convert 'xsl:if' to 'xsl:choose'" />
    <ignoreAction name="XSLT/Inline 'xsl:attribute'" />
    <ignoreAction name="XSLT/Replace with 'xsl:attribute'" />
    <ignoreAction name="CSS/Apply width and height of background image" />
    <ignoreAction name="CSS/Change color" />
    <ignoreAction name="CSS/Convert color to #-hex" />
    <ignoreAction name="CSS/Convert color to gray()" />
    <ignoreAction name="CSS/Convert color to hsl()" />
    <ignoreAction name="CSS/Convert color to hwb()" />
    <ignoreAction name="CSS/Convert color to rgb()" />
    <ignoreAction name="CSS/Create selector" />
    <ignoreAction name="CSS/Expand shorthand property" />
    <ignoreAction name="CSS/Extract image" />
    <ignoreAction name="CSS/Extract inline CSS" />
    <ignoreAction name="CSS/Extract ruleset" />
    <ignoreAction name="CSS/Replace quotes" />
    <ignoreAction name="CSS/Replace var() with its fallback value" />
    <ignoreAction name="CSS/Replace with color name" />
    <ignoreAction name="Language injection/Edit injected fragment" />
    <ignoreAction name="Language injection/Edit injection settings" />
    <ignoreAction name="Language injection/Inject language or reference" />
    <ignoreAction name="Language injection/Uninject language or reference" />
    <ignoreAction name="Markdown/Configure image" />
    <ignoreAction name="Markdown/Hide errors in code fences" />
    <ignoreAction name="Microservices/Open in web browser" />
    <ignoreAction name="Shell script/Explain shell" />
    <ignoreAction name="Shell script/Rename all occurrences" />
    <ignoreAction name="React/Convert to class component" />
  </component>
</application>